gene_id_human	gene_id_mouse	gene_name	heart_tpm_mouse	adrenal_gland_tpm_mouse	liver_tpm_mouse	muscle_tpm_mouse	brain_tpm_mouse	heart_tpm_human	adrenal_gland_tpm_human	liver_tpm_human	muscle_tpm_human	brain_tpm_human
ENSG00000162526	ENSMUSG00000000411	TSSK3	0.000562865971310531	0.000562865971310531	0.000562865971310531	0.000562865971310531	0.06167494298219438	1.2801306479600594	1.9600507789012411	2.1988796010547	1.5400596920561473	0.7730159254253995
ENSG00000132155	ENSMUSG00000000441	RAF1	3.5440914989487537	3.170144684018743	3.9656112390689224	3.3531153918742462	2.2596486331502836	3.7213666486298664	2.859274195886941	3.5440914989487537	3.7213666486298664	2.6414349515451505
ENSG00000135503	ENSMUSG00000000532	ACVR1B	1.5099501660470838	0.9781980136707131	1.5004524068184986	2.4240173812934582	2.7486431277165013	1.999904195427223	1.9095493103192838	3.018124679752071	2.184075788850751	2.4987374842981724
ENSG00000166484	ENSMUSG00000001034	MAPK7	1.125419936885382	1.5801577622094922	0.9188443728003737	1.39840269958225	1.2750308033941173	1.9198252752386236	2.655173464673422	1.6261791768444407	1.6468434809249466	1.1919927973790214
ENSG00000211455	ENSMUSG00000001630	STK38L	1.7256070464741966	1.7526209303703795	1.9771323484972707	1.7256070464741966	1.323318899999294	2.709866743231232	1.7922838007874933	1.6579966403524444	1.8645142162948325	1.5004524068184986
ENSG00000142208	ENSMUSG00000001729	AKT1	3.87489326317948	4.036691051616244	3.3090470428882	2.6097240460704265	3.0720071250644616	3.1522156644680606	3.4548419561870403	3.429536622727639	2.5316179633201217	2.6894810275972545
ENSG00000184343	ENSMUSG00000002007	SRPK3	2.146560561640219	0.2321150951834623	0.010331153665262017	2.3747277731865726	0.7213270803517732	2.804995564933983	2.4686149974250755	0.737110749531397	3.170144684018743	2.7594208342902213
ENSG00000130822	ENSMUSG00000002012	PNCK	1.531128539114525	1.331221504881495	0.1836420793809071	1.7093658938674516	2.570098496052806	0.8032864113301729	0.2321150951834623	0.041268416150179794	0.5496412425511903	2.6711530387514446
ENSG00000105053	ENSMUSG00000002205	VRK3	2.1603546567311716	2.2650549707036323	1.8106662783923064	2.23398217531025	1.6079093374447015	1.331221504881495	1.7158826211019549	2.0887103810844105	1.760617960656853	1.2801306479600594
ENSG00000105204	ENSMUSG00000002409	DYRK1B	2.227499397454044	1.7833927015817015	1.665656916037935	2.783373456887054	1.88006971015665	2.271685218678379	2.71870660867956	1.7526209303703795	3.798465509076293	2.6097240460704265
ENSG00000184304	ENSMUSG00000002688	PRKD1	1.1786233807517337	1.7093658938674516	0.32353583590040225	0.9909815116617494	0.8767034643377599	1.062417305750738	1.9771323484972707	0.6849197892028174	0.737110749531397	1.0329662715308037
ENSG00000076984	ENSMUSG00000002948	MAP2K7	3.0720071250644616	3.018124679752071	1.88006971015665	2.981761376905678	2.6097240460704265	2.583935637651966	2.583935637651966	2.846089767299051	3.1522156644680606	2.4825744655751807
ENSG00000118046	ENSMUSG00000003068	STK11	3.6132945720202407	3.773440330320301	4.036691051616244	3.5440914989487537	2.7330877980722916	2.6785579745898307	2.804995564933983	2.7330877980722916	3.0720071250644616	2.4490480732237967
ENSG00000167258	ENSMUSG00000003119	CDK12	1.9771323484972707	2.2467161608901334	2.5999886748304766	1.9479837974974263	1.8318209731304933	1.4365241931792572	1.690617103766559	1.9383103750854151	1.5487428519509976	0.8185361363019472
ENSG00000198873	ENSMUSG00000003228	GRK5	2.299984477029839	2.433013527829498	1.0968288235598178	1.0329662715308037	1.062417305750738	2.818990960252068	1.8645142162948325	1.7158826211019549	1.690617103766559	1.366929636205836
ENSG00000133275	ENSMUSG00000003345	CSNK1G2	3.669204526527108	3.669204526527108	3.669204526527108	3.410656359776689	3.4548419561870403	2.981761376905678	3.6132945720202407	3.2860904851989168	2.9344262049981666	3.429536622727639
ENSG00000117676	ENSMUSG00000003644	RPS6KA1	0.9781980136707131	1.3533089233079039	1.3533089233079039	1.323318899999294	1.0911520552493088	0.7034368110827474	2.240254386045067	1.8106662783923064	0.5853131408013749	1.1389569165077185
ENSG00000105221	ENSMUSG00000004056	AKT2	3.798465509076293	4.474800638537558	3.773440330320301	3.7213666486298664	2.783373456887054	2.71870660867956	2.818990960252068	3.191040671592874	3.0545413845915244	2.208654389493238
ENSG00000065243	ENSMUSG00000004591	PKN2	2.514394632110368	2.6711530387514446	3.2683529893618974	2.804995564933983	1.6468434809249466	2.1211512142639046	2.5999886748304766	2.3747277731865726	2.0722482241593925	1.5099501660470838
ENSG00000083290	ENSMUSG00000004798	ULK2	2.6894810275972545	1.999904195427223	3.4548419561870403	3.1522156644680606	2.3261294879230245	1.366929636205836	1.4492708472101739	0.9781980136707131	1.7833927015817015	2.333401891976372
ENSG00000156711	ENSMUSG00000004864	MAPK13	0.14075274944997784	2.7594208342902213	0.7730159254253995	0.2834602226039127	0.2988993997043351	0.5049491652104011	3.3531153918742462	1.3426600779347317	0.4601623642872738	0.8463454189988775
ENSG00000096063	ENSMUSG00000004865	SRPK1	2.408441283123808	2.6785579745898307	2.240254386045067	2.309324466697402	2.514394632110368	1.7449339627936382	1.5187729922309625	2.408441283123808	2.309324466697402	1.5974014962700926
ENSG00000169032	ENSMUSG00000004936	MAP2K1	2.846089767299051	3.0545413845915244	3.3531153918742462	2.859274195886941	3.669204526527108	3.018124679752071	2.981761376905678	3.6132945720202407	3.3700977472867732	3.798465509076293
ENSG00000142875	ENSMUSG00000005034	PRKACB	3.0545413845915244	3.2860904851989168	3.3949815474131	2.6414349515451505	4.100242233712167	2.011231069767187	1.799478650196584	1.731459813193122	1.331221504881495	4.2209202268638215
ENSG00000128829	ENSMUSG00000005102	EIF2AK4	1.0911520552493088	1.6261791768444407	1.5620715097198539	1.2594433576861626	1.3118048606254413	1.6362285070747091	1.457832514068166	1.7833927015817015	1.9294253468331284	1.3533089233079039
ENSG00000183421	ENSMUSG00000005251	RIPK4	0.15164965059455213	0.6305117194801239	1.5801577622094922	0.10463789128643523	0.14075274944997784	0.14075274944997784	0.03496127823965807	2.783373456887054	0.03496127823965807	0.01863301896756666
ENSG00000072062	ENSMUSG00000005469	PRKACA	4.100242233712167	4.630276789416941	2.804995564933983	3.4789975620667475	3.498684014329725	4.2209202268638215	4.2209202268638215	3.4789975620667475	3.9656112390689224	3.191040671592874
ENSG00000157404	ENSMUSG00000005672	KIT	0.8305644925867106	0.6849197892028174	1.3118048606254413	0.8305644925867106	1.6261791768444407	0.49026751880609404	0.21371667922158571	0.4391695450426023	0.5301322445076133	1.6079093374447015
ENSG00000135446	ENSMUSG00000006728	CDK4	3.2860904851989168	3.6132945720202407	3.429536622727639	2.6711530387514446	2.367041792019916	3.4789975620667475	4.347411145788461	3.330013765219506	2.846089767299051	2.8930198137843117
ENSG00000075413	ENSMUSG00000007411	MARK3	2.655173464673422	2.981761376905678	3.245235974989421	2.7739413644956183	2.5276241211178934	2.952111172172484	2.9990294994168294	2.514394632110368	2.7486431277165013	2.655173464673422
ENSG00000139908	ENSMUSG00000007591	TSSK4	0.33918199329915694	0.19629895100556521	0.3525767384683054	0.21371667922158571	0.12075056222176465	0.5426771017049863	0.7730159254253995	0.6024843800587255	0.6024843800587255	0.4039309199237617
ENSG00000106799	ENSMUSG00000007613	TGFBR1	1.7158826211019549	2.1211512142639046	2.3261294879230245	2.2845616145783105	1.2801306479600594	1.760617960656853	1.6261791768444407	1.9704590277650311	1.9198252752386236	1.125419936885382
ENSG00000163349	ENSMUSG00000008730	HIPK1	3.429536622727639	3.4789975620667475	3.191040671592874	3.0545413845915244	2.914897173507707	2.4490480732237967	2.6785579745898307	2.227499397454044	2.6097240460704265	2.505802162640073
ENSG00000136807	ENSMUSG00000009555	CDK9	2.1211512142639046	2.9344262049981666	2.6097240460704265	2.1603546567311716	2.5316179633201217	3.429536622727639	4.100242233712167	4.100242233712167	2.8699653621605696	3.911283397752205
ENSG00000163545	ENSMUSG00000009772	NUAK2	0.9909815116617494	1.0805987119808864	1.4688523992128448	0.6756260711508686	0.10463789128643523	0.42528218257286454	1.366929636205836	1.5801577622094922	0.42528218257286454	0.2211792831246014
ENSG00000112144	ENSMUSG00000009828	CILK1	1.5400596920561473	1.6468434809249466	1.9600507789012411	1.457832514068166	1.0805987119808864	1.323318899999294	2.914897173507707	1.7449339627936382	1.4688523992128448	1.4688523992128448
ENSG00000085511	ENSMUSG00000014426	MAP3K4	2.7594208342902213	1.857370952354443	2.5535447566871055	2.6255646962407693	2.06029628748555	2.0335118085532438	1.5620715097198539	1.7767586156406072	2.23398217531025	1.5187729922309625
ENSG00000154237	ENSMUSG00000015133	LRRK1	1.4492708472101739	1.4249556156086147	1.7093658938674516	1.1786233807517337	0.5301322445076133	0.5681847701749453	0.5681847701749453	0.4813346422383738	0.4391695450426023	0.33918199329915694
ENSG00000146216	ENSMUSG00000015599	TTBK1	0.19629895100556521	0.25194113008326224	0.38504454659561904	0.1836420793809071	2.818990960252068	0.08138872936771033	0.10287471903770666	0.9188443728003737	0.003533495996106372	2.2845616145783105
ENSG00000165752	ENSMUSG00000015981	STK32C	0.4750566852731618	0.6024843800587255	0.36677080920948796	0.19629895100556521	3.094066377230915	0.9611856554661081	1.5974014962700926	0.8463454189988775	1.4249556156086147	2.514394632110368
ENSG00000008118	ENSMUSG00000016179	CAMK1G	0.2211792831246014	0.041268416150179794	0.041268416150179794	0.330960665346253	1.5974014962700926	0.03496127823965807	0.5223250856389811	0.2321150951834623	0.10463789128643523	2.408441283123808
ENSG00000143479	ENSMUSG00000016526	DYRK3	0.21371667922158571	1.0968288235598178	0.9611856554661081	0.013141636805158308	0.737110749531397	1.8318209731304933	0.5426771017049863	0.9909815116617494	0.32353583590040225	0.21371667922158571
ENSG00000162889	ENSMUSG00000016528	MAPKAPK2	4.036691051616244	4.2209202268638215	3.2159667196369917	3.911283397752205	1.412080942312458	5.396459056852909	3.9656112390689224	3.798465509076293	4.2209202268638215	2.6785579745898307
ENSG00000160551	ENSMUSG00000017291	TAOK1	2.914897173507707	2.4686149974250755	2.8699653621605696	2.6894810275972545	2.7594208342902213	2.053004123936072	1.7449339627936382	1.6079093374447015	2.07748951152686	2.011231069767187
ENSG00000087095	ENSMUSG00000017376	NLK	1.6849905624536465	2.240254386045067	1.7256070464741966	1.7158826211019549	2.4397544647636664	1.9771323484972707	3.0389632448824173	1.9479837974974263	1.6261791768444407	2.5276241211178934
ENSG00000160602	ENSMUSG00000017405	NEK8	0.6459617805103897	1.4688523992128448	1.3426600779347317	0.6153149259881522	0.2744796195002678	0.44829676314641576	1.1389569165077185	1.665656916037935	0.330960665346253	0.3525767384683054
ENSG00000101049	ENSMUSG00000017868	SGK2	0.003533495996106372	0.003533495996106372	3.498684014329725	0.03496127823965807	0.19171662281944002	0.19629895100556521	0.3525767384683054	3.7213666486298664	0.1836420793809071	0.4601623642872738
ENSG00000101109	ENSMUSG00000018209	STK4	1.6756273507652373	1.8941368027087317	2.2467161608901334	1.6079093374447015	1.7093658938674516	1.1389569165077185	1.6996688140162242	1.6362285070747091	1.1786233807517337	1.39840269958225
ENSG00000034152	ENSMUSG00000018932	MAP2K3	3.191040671592874	2.8699653621605696	2.981761376905678	3.2860904851989168	1.0329662715308037	3.3531153918742462	2.846089767299051	3.911283397752205	3.563179692061798	1.7256070464741966
ENSG00000198208	ENSMUSG00000019235	RPS6KL1	0.7213270803517732	0.36677080920948796	0.4750566852731618	0.49936275079159775	1.6756273507652373	1.3829470039324872	0.44829676314641576	0.8305644925867106	1.8861391981603273	1.999904195427223
ENSG00000117020	ENSMUSG00000019699	AKT3	1.88006971015665	1.9383103750854151	1.1919927973790214	1.7526209303703795	3.591680791603212	1.9704590277650311	2.1603546567311716	1.2594433576861626	1.6362285070747091	2.71870660867956
ENSG00000118515	ENSMUSG00000019970	SGK1	3.2683529893618974	3.7213666486298664	2.6785579745898307	3.669204526527108	2.6894810275972545	2.536288835156216	3.51777312567539	2.981761376905678	1.8318209731304933	2.06029628748555
ENSG00000059758	ENSMUSG00000020015	CDK17	1.7093658938674516	2.0211513953127564	2.4397544647636664	1.4875819039876146	3.51777312567539	1.8106662783923064	1.531128539114525	1.7922838007874933	1.7526209303703795	2.6255646962407693
ENSG00000074590	ENSMUSG00000020032	NUAK1	2.3933971904599742	1.0701172023656043	0.7579495829853357	2.240254386045067	2.184075788850751	2.6097240460704265	1.412080942312458	1.4492708472101739	2.6255646962407693	2.0722482241593925
ENSG00000183735	ENSMUSG00000020115	TBK1	1.9869512299139367	2.184075788850751	2.914897173507707	1.760617960656853	1.8861391981603273	1.8194153772030603	2.505802162640073	2.271685218678379	2.333401891976372	1.7093658938674516
ENSG00000099875	ENSMUSG00000020190	MKNK2	3.8404666007738015	5.396459056852909	4.2209202268638215	3.87489326317948	1.7449339627936382	4.036691051616244	4.036691051616244	4.630276789416941	5.396459056852909	2.914897173507707
ENSG00000090376	ENSMUSG00000020227	IRAK3	0.8631700473083865	0.8032864113301729	0.8974926075350618	0.8631700473083865	0.21371667922158571	1.6174665292675663	1.2594433576861626	0.9611856554661081	1.0701172023656043	0.330960665346253
ENSG00000072786	ENSMUSG00000020272	STK10	1.2801306479600594	1.5187729922309625	1.062417305750738	0.9188443728003737	0.8185361363019472	1.5187729922309625	1.5004524068184986	1.5099501660470838	1.1919927973790214	0.6756260711508686
ENSG00000050748	ENSMUSG00000020366	MAPK9	2.583935637651966	2.709866743231232	3.018124679752071	2.914897173507707	3.3949815474131	2.23398217531025	2.1211512142639046	1.8941368027087317	2.3452681074132733	2.981761376905678
ENSG00000113240	ENSMUSG00000020385	CLK4	2.2596486331502836	3.1522156644680606	4.474800638537558	2.583935637651966	2.433013527829498	1.9600507789012411	1.8861391981603273	2.299984477029839	2.3261294879230245	1.7922838007874933
ENSG00000006837	ENSMUSG00000020389	CDKL3	1.0805987119808864	1.0911520552493088	0.9909815116617494	1.0805987119808864	1.1389569165077185	0.6153149259881522	0.6849197892028174	0.49936275079159775	1.0968288235598178	0.7900763049674878
ENSG00000182541	ENSMUSG00000020451	LIMK2	1.8106662783923064	1.5620715097198539	1.6849905624536465	1.731459813193122	2.4987374842981724	1.9095493103192838	2.1988796010547	2.505802162640073	2.053004123936072	2.433013527829498
ENSG00000108443	ENSMUSG00000020516	RPS6KB1	2.0335118085532438	2.1001819733474547	2.2845616145783105	2.184075788850751	1.7526209303703795	1.7256070464741966	2.0335118085532438	2.043595678698476	2.4240173812934582	1.4875819039876146
ENSG00000071575	ENSMUSG00000020601	TRIB2	2.043595678698476	1.3829470039324872	1.0805987119808864	2.0211513953127564	1.5673922725927807	3.1125878244668654	3.773440330320301	2.4987374842981724	2.1001819733474547	2.5999886748304766
ENSG00000108984	ENSMUSG00000020623	MAP2K6	0.9508464683335326	0.6153149259881522	2.783373456887054	2.6785579745898307	1.3022733743216224	0.21371667922158571	0.19171662281944002	0.5496412425511903	2.043595678698476	0.16827723099838263
ENSG00000146872	ENSMUSG00000020694	TLK2	2.38044069119609	2.4825744655751807	2.846089767299051	2.536288835156216	1.9704590277650311	1.4688523992128448	1.3426600779347317	1.4875819039876146	2.0335118085532438	1.2750308033941173
ENSG00000198909	ENSMUSG00000020700	MAP3K3	2.4397544647636664	2.1603546567311716	2.146560561640219	2.2596486331502836	1.5099501660470838	3.0720071250644616	2.3452681074132733	2.4686149974250755	2.514394632110368	1.9479837974974263
ENSG00000178607	ENSMUSG00000020715	ERN1	1.6079093374447015	2.952111172172484	2.514394632110368	1.5187729922309625	0.8032864113301729	0.9969551558276251	3.1125878244668654	2.570098496052806	1.4492708472101739	0.2834602226039127
ENSG00000004660	ENSMUSG00000020785	CAMKK1	0.4813346422383738	0.7900763049674878	0.49026751880609404	0.32353583590040225	2.6711530387514446	0.8463454189988775	1.7256070464741966	0.42528218257286454	0.8185361363019472	2.8699653621605696
ENSG00000141503	ENSMUSG00000020827	MINK1	2.71870660867956	2.5316179633201217	2.0335118085532438	2.5535447566871055	4.036691051616244	2.8930198137843117	3.3700977472867732	3.0545413845915244	2.38044069119609	4.036691051616244
ENSG00000006062	ENSMUSG00000020941	MAP3K14	0.7579495829853357	1.323318899999294	0.9781980136707131	1.3533089233079039	0.36677080920948796	2.3452681074132733	1.5099501660470838	2.07748951152686	2.859274195886941	1.331221504881495
ENSG00000100490	ENSMUSG00000020990	CDKL1	1.5620715097198539	0.4601623642872738	0.4813346422383738	0.7579495829853357	1.7833927015817015	0.38504454659561904	0.5853131408013749	0.5301322445076133	0.7730159254253995	0.42528218257286454
ENSG00000027075	ENSMUSG00000021108	PRKCH	1.9294253468331284	1.457832514068166	1.5187729922309625	1.3426600779347317	0.9909815116617494	1.731459813193122	1.0805987119808864	1.2166494882926346	1.5673922725927807	0.6459617805103897
ENSG00000100749	ENSMUSG00000021115	VRK1	1.4249556156086147	1.5099501660470838	1.6079093374447015	1.1919927973790214	1.2166494882926346	1.0381146476239693	0.9781980136707131	1.0268666742809391	1.168682373384032	1.3022733743216224
ENSG00000100784	ENSMUSG00000021180	RPS6KA5	1.5004524068184986	1.0456990565971511	1.0701172023656043	1.6756273507652373	1.7256070464741966	0.33918199329915694	0.14075274944997784	0.2744796195002678	0.8974926075350618	0.4750566852731618
ENSG00000198752	ENSMUSG00000021279	CDC42BPB	2.8699653621605696	3.3700977472867732	2.583935637651966	1.9704590277650311	2.9990294994168294	3.410656359776689	3.330013765219506	3.2683529893618974	2.7739413644956183	3.669204526527108
ENSG00000111837	ENSMUSG00000021363	MAK	0.013141636805158308	0.14075274944997784	0.05354938346040907	0.041268416150179794	0.38504454659561904	0.16827723099838263	0.2834602226039127	0.2834602226039127	0.19171662281944002	0.09000422779561505
ENSG00000137275	ENSMUSG00000021408	RIPK1	1.2166494882926346	1.8861391981603273	2.7486431277165013	1.0911520552493088	0.6756260711508686	2.299984477029839	2.5316179633201217	3.0720071250644616	2.2845616145783105	1.6996688140162242
ENSG00000112739	ENSMUSG00000021413	PRP4K	2.2467161608901334	3.1125878244668654	3.1125878244668654	2.0335118085532438	2.1603546567311716	2.7330877980722916	2.8930198137843117	2.8331904549244955	2.8331904549244955	2.227499397454044
ENSG00000156345	ENSMUSG00000021483	CDK20	0.7730159254253995	0.7579495829853357	1.331221504881495	1.1134279234370876	0.8974926075350618	0.6459617805103897	2.309324466697402	1.1919927973790214	0.4039309199237617	1.5673922725927807
ENSG00000196730	ENSMUSG00000021559	DAPK1	2.3452681074132733	1.8318209731304933	2.8331904549244955	0.9611856554661081	2.3933971904599742	0.6849197892028174	1.0911520552493088	2.7486431277165013	0.7034368110827474	1.6849905624536465
ENSG00000145632	ENSMUSG00000021701	PLK2	1.7651234622954934	1.6849905624536465	1.9383103750854151	1.157503842063263	3.3531153918742462	2.846089767299051	1.3829470039324872	2.655173464673422	1.6174665292675663	2.07748951152686
ENSG00000107779	ENSMUSG00000021796	BMPR1A	2.8930198137843117	2.514394632110368	2.655173464673422	2.71870660867956	1.7922838007874933	1.5620715097198539	1.125419936885382	1.1389569165077185	1.531128539114525	0.8974926075350618
ENSG00000148660	ENSMUSG00000021820	CAMK2G	2.709866743231232	2.23398217531025	1.7651234622954934	3.6132945720202407	3.87489326317948	1.8500364172312458	2.06029628748555	2.208654389493238	3.2159667196369917	3.498684014329725
ENSG00000114904	ENSMUSG00000021918	NEK4	1.0456990565971511	1.3022733743216224	1.6468434809249466	1.366929636205836	1.1919927973790214	1.39840269958225	1.7526209303703795	2.0335118085532438	1.7651234622954934	1.8194153772030603
ENSG00000107643	ENSMUSG00000021936	MAPK8	2.3747277731865726	1.665656916037935	3.0389632448824173	2.38044069119609	2.5999886748304766	1.3533089233079039	1.39840269958225	1.9198252752386236	1.8106662783923064	1.5801577622094922
ENSG00000163932	ENSMUSG00000021948	PRKCD	1.5801577622094922	3.498684014329725	1.731459813193122	1.6174665292675663	1.0968288235598178	2.5316179633201217	3.911283397752205	1.9095493103192838	1.731459813193122	1.9869512299139367
ENSG00000150457	ENSMUSG00000021959	LATS2	2.367041792019916	2.227499397454044	1.8194153772030603	2.227499397454044	1.2054073038337245	2.4686149974250755	2.2845616145783105	1.8406351319319714	2.570098496052806	0.5681847701749453
ENSG00000129465	ENSMUSG00000022221	RIPK3	0.8463454189988775	0.7730159254253995	1.0051279278956347	0.8185361363019472	0.08138872936771033	1.0968288235598178	0.7034368110827474	0.8974926075350618	0.8463454189988775	0.13126554860399892
ENSG00000038382	ENSMUSG00000022263	TRIO	2.5535447566871055	2.408441283123808	2.4825744655751807	2.3452681074132733	3.2860904851989168	2.06029628748555	1.9198252752386236	1.8500364172312458	1.9771323484972707	1.9383103750854151
ENSG00000104375	ENSMUSG00000022329	STK3	1.4688523992128448	1.88006971015665	1.857370952354443	1.2801306479600594	1.665656916037935	0.8305644925867106	1.3022733743216224	1.366929636205836	1.2801306479600594	0.19629895100556521
ENSG00000213923	ENSMUSG00000022433	CSNK1E	2.6255646962407693	3.0389632448824173	1.412080942312458	2.7594208342902213	3.0545413845915244	3.3949815474131	3.094066377230915	2.6785579745898307	2.7594208342902213	3.330013765219506
ENSG00000188130	ENSMUSG00000022610	MAPK12	2.1988796010547	1.2750308033941173	1.1134279234370876	3.4548419561870403	0.8463454189988775	1.9294253468331284	1.9704590277650311	2.240254386045067	3.5440914989487537	2.240254386045067
ENSG00000180370	ENSMUSG00000022781	PAK2	2.2845616145783105	2.655173464673422	2.043595678698476	1.857370952354443	1.39840269958225	2.8331904549244955	2.7486431277165013	3.094066377230915	2.8930198137843117	2.5535447566871055
ENSG00000082701	ENSMUSG00000022812	GSK3B	2.7739413644956183	2.6255646962407693	2.1211512142639046	3.018124679752071	3.1125878244668654	2.3747277731865726	2.367041792019916	2.2596486331502836	2.505802162640073	2.3543487032572297
ENSG00000065534	ENSMUSG00000022836	MYLK	2.4240173812934582	2.6414349515451505	3.330013765219506	1.9869512299139367	1.125419936885382	1.157503842063263	1.3118048606254413	2.173458974145386	0.9909815116617494	1.1786233807517337
ENSG00000157540	ENSMUSG00000022897	DYRK1A	3.0389632448824173	2.6894810275972545	2.129314896991519	3.330013765219506	2.71870660867956	2.6711530387514446	2.433013527829498	2.114542393059897	2.818990960252068	2.2650549707036323
ENSG00000135409	ENSMUSG00000023047	AMHR2	0.49936275079159775	0.44829676314641576	0.2744796195002678	1.88006971015665	0.11259590772026544	0.06167494298219438	3.2159667196369917	0.2211792831246014	0.6153149259881522	0.003533495996106372
ENSG00000071242	ENSMUSG00000023809	RPS6KA2	2.7330877980722916	1.366929636205836	0.8631700473083865	3.2683529893618974	2.053004123936072	3.170144684018743	1.8941368027087317	1.5974014962700926	2.271685218678379	3.0389632448824173
ENSG00000127564	ENSMUSG00000023908	PKMYT1	0.5426771017049863	0.49936275079159775	0.4601623642872738	0.5853131408013749	0.5223250856389811	0.8185361363019472	1.0268666742809391	0.7034368110827474	1.3426600779347317	2.1001819733474547
ENSG00000112079	ENSMUSG00000024006	STK38	2.1001819733474547	2.536288835156216	3.5440914989487537	2.114542393059897	2.043595678698476	2.9990294994168294	2.5276241211178934	3.170144684018743	2.536288835156216	2.129314896991519
ENSG00000137193	ENSMUSG00000024014	PIM1	1.6468434809249466	3.9656112390689224	1.8861391981603273	2.07748951152686	0.49026751880609404	3.3700977472867732	2.536288835156216	3.563179692061798	2.7330877980722916	1.731459813193122
ENSG00000142178	ENSMUSG00000024042	SIK1	2.783373456887054	3.0720071250644616	1.157503842063263	2.208654389493238	1.0456990565971511	2.5999886748304766	1.6079093374447015	3.3700977472867732	2.5999886748304766	1.0268666742809391
ENSG00000115825	ENSMUSG00000024070	PRKD3	1.857370952354443	1.690617103766559	5.396459056852909	1.6261791768444407	0.9969551558276251	1.5974014962700926	2.4397544647636664	1.5187729922309625	2.1211512142639046	0.9508464683335326
ENSG00000055332	ENSMUSG00000024079	EIF2AK2	1.412080942312458	1.7158826211019549	2.3221012502557405	1.3022733743216224	0.6024843800587255	1.6079093374447015	1.9479837974974263	1.7093658938674516	1.412080942312458	1.7651234622954934
ENSG00000140992	ENSMUSG00000024122	PDPK1	2.536288835156216	2.583935637651966	2.6255646962407693	2.655173464673422	2.8699653621605696	2.114542393059897	2.3221012502557405	2.1211512142639046	2.3221012502557405	2.4240173812934582
ENSG00000107968	ENSMUSG00000024235	MAP3K8	0.9969551558276251	1.062417305750738	1.457832514068166	0.7034368110827474	0.33918199329915694	1.7767586156406072	2.23398217531025	2.0211513953127564	1.2594433576861626	0.5496412425511903
ENSG00000011566	ENSMUSG00000024242	MAP4K3	2.173458974145386	2.2845616145783105	2.859274195886941	1.8106662783923064	2.173458974145386	2.4825744655751807	2.38044069119609	2.06029628748555	2.6894810275972545	1.857370952354443
ENSG00000067900	ENSMUSG00000024290	ROCK1	2.6711530387514446	2.3261294879230245	2.9990294994168294	1.6849905624536465	1.4688523992128448	2.227499397454044	1.999904195427223	1.9869512299139367	1.9095493103192838	1.238947691598884
ENSG00000141639	ENSMUSG00000024558	MAPK4	1.062417305750738	0.13126554860399892	0.5301322445076133	0.44829676314641576	2.6414349515451505	2.3933971904599742	2.5535447566871055	0.5223250856389811	0.5426771017049863	3.1125878244668654
ENSG00000113712	ENSMUSG00000024576	CSNK1A1	3.911283397752205	4.347411145788461	4.347411145788461	3.8404666007738015	3.563179692061798	3.669204526527108	3.563179692061798	3.4548419561870403	3.3090470428882	3.1522156644680606
ENSG00000070808	ENSMUSG00000024617	CAMK2A	2.8331904549244955	0.2988993997043351	0.13126554860399892	4.2209202268638215	5.396459056852909	1.4875819039876146	0.09000422779561505	0.19171662281944002	3.191040671592874	4.630276789416941
ENSG00000171219	ENSMUSG00000024769	CDC42BPG	1.731459813193122	1.5673922725927807	1.238947691598884	1.7833927015817015	0.5681847701749453	0.19171662281944002	1.6579966403524444	0.6756260711508686	0.13126554860399892	0.05354938346040907
ENSG00000175634	ENSMUSG00000024830	RPS6KB2	1.9095493103192838	2.0335118085532438	1.6996688140162242	2.333401891976372	1.4875819039876146	2.2467161608901334	2.4825744655751807	2.952111172172484	2.4490480732237967	1.760617960656853
ENSG00000173020	ENSMUSG00000024858	GRK2	2.6785579745898307	2.6097240460704265	2.0722482241593925	2.8699653621605696	3.2159667196369917	3.245235974989421	3.1294282442917494	3.3090470428882	2.9990294994168294	3.591680791603212
ENSG00000142186	ENSMUSG00000024941	SCYL1	2.952111172172484	3.2159667196369917	3.1522156644680606	3.0720071250644616	2.4825744655751807	3.4548419561870403	3.798465509076293	3.87489326317948	3.498684014329725	3.245235974989421
ENSG00000168067	ENSMUSG00000024948	MAP4K2	2.3543487032572297	2.07748951152686	2.173458974145386	1.5974014962700926	2.4490480732237967	1.412080942312458	1.6174665292675663	1.2801306479600594	0.9611856554661081	2.043595678698476
ENSG00000065613	ENSMUSG00000025060	SLK	3.170144684018743	2.043595678698476	3.0720071250644616	2.3933971904599742	2.011231069767187	2.783373456887054	2.514394632110368	2.2467161608901334	2.783373456887054	2.2467161608901334
ENSG00000141551	ENSMUSG00000025162	CSNK1D	2.7486431277165013	3.3531153918742462	3.1294282442917494	2.709866743231232	2.7739413644956183	2.914897173507707	3.429536622727639	2.9990294994168294	3.1294282442917494	2.8331904549244955
ENSG00000123374	ENSMUSG00000025358	CDK2	1.2750308033941173	1.5004524068184986	1.4492708472101739	1.0456990565971511	0.4601623642872738	1.9479837974974263	2.0211513953127564	2.309324466697402	1.7093658938674516	0.6024843800587255
ENSG00000164776	ENSMUSG00000025537	PHKG1	1.7833927015817015	0.33918199329915694	0.49936275079159775	4.100242233712167	1.2594433576861626	2.7739413644956183	2.6255646962407693	2.71870660867956	4.100242233712167	2.3747277731865726
ENSG00000142731	ENSMUSG00000025758	PLK4	0.4601623642872738	0.9909815116617494	0.9321830217400553	0.49026751880609404	0.5049491652104011	0.13126554860399892	0.32353583590040225	0.25194113008326224	0.11259590772026544	0.10287471903770666
ENSG00000104205	ENSMUSG00000025915	SGK3	1.5487428519509976	1.2801306479600594	2.299984477029839	1.412080942312458	1.0701172023656043	0.8767034643377599	1.0701172023656043	1.88006971015665	1.0268666742809391	1.4365241931792572
ENSG00000082146	ENSMUSG00000026027	STRADB	3.410656359776689	2.4397544647636664	2.3933971904599742	3.591680791603212	1.9198252752386236	2.6414349515451505	3.2860904851989168	3.3949815474131	3.094066377230915	2.299984477029839
ENSG00000013441	ENSMUSG00000026034	CLK1	2.5999886748304766	3.563179692061798	4.945446178725407	2.271685218678379	2.5535447566871055	3.798465509076293	3.87489326317948	4.474800638537558	3.3531153918742462	3.8404666007738015
ENSG00000081320	ENSMUSG00000026094	STK17B	1.6174665292675663	1.6756273507652373	1.690617103766559	1.5099501660470838	0.6849197892028174	0.9781980136707131	1.0968288235598178	0.9508464683335326	0.9508464683335326	0.5049491652104011
ENSG00000115661	ENSMUSG00000026201	STK16	2.4825744655751807	3.4548419561870403	3.798465509076293	2.146560561640219	2.3543487032572297	2.0722482241593925	2.4490480732237967	2.818990960252068	2.2467161608901334	2.38044069119609
ENSG00000072195	ENSMUSG00000026207	SPEG	3.563179692061798	1.3426600779347317	0.7034368110827474	4.036691051616244	3.1294282442917494	3.0545413845915244	0.4813346422383738	0.3525767384683054	3.773440330320301	1.799478650196584
ENSG00000115687	ENSMUSG00000026274	PASK	0.2744796195002678	0.5426771017049863	0.44829676314641576	0.5049491652104011	1.0051279278956347	0.36677080920948796	0.49026751880609404	0.9058401990614758	0.31232892814158564	0.9321830217400553
ENSG00000115694	ENSMUSG00000026277	STK25	3.3949815474131	3.429536622727639	2.7739413644956183	3.170144684018743	3.773440330320301	3.094066377230915	3.0720071250644616	3.1522156644680606	3.8404666007738015	3.51777312567539
ENSG00000151414	ENSMUSG00000026393	NEK7	3.245235974989421	2.38044069119609	3.2860904851989168	3.3700977472867732	1.690617103766559	3.773440330320301	3.410656359776689	2.4490480732237967	2.981761376905678	2.3933971904599742
ENSG00000117266	ENSMUSG00000026437	CDK18	1.7922838007874933	1.6362285070747091	1.4365241931792572	1.331221504881495	1.457832514068166	4.100242233712167	1.8318209731304933	2.011231069767187	1.0329662715308037	3.094066377230915
ENSG00000143776	ENSMUSG00000026490	CDC42BPA	2.6097240460704265	2.505802162640073	2.8930198137843117	2.3221012502557405	3.5440914989487537	2.184075788850751	2.129314896991519	2.053004123936072	1.9479837974974263	2.5316179633201217
ENSG00000116141	ENSMUSG00000026620	MARK1	1.331221504881495	0.9611856554661081	0.6459617805103897	1.062417305750738	2.3452681074132733	1.7922838007874933	0.6756260711508686	0.2988993997043351	0.9188443728003737	1.8645142162948325
ENSG00000152332	ENSMUSG00000026667	UHMK1	2.208654389493238	2.818990960252068	2.9344262049981666	2.0887103810844105	2.981761376905678	2.1603546567311716	2.8331904549244955	2.9344262049981666	2.71870660867956	2.583935637651966
ENSG00000119408	ENSMUSG00000026749	NEK6	0.7900763049674878	1.6996688140162242	2.23398217531025	1.9600507789012411	1.3426600779347317	1.1919927973790214	1.2166494882926346	3.669204526527108	1.2054073038337245	2.3261294879230245
ENSG00000065675	ENSMUSG00000026778	PRKCQ	0.9058401990614758	0.42528218257286454	1.0329662715308037	3.094066377230915	0.8631700473083865	0.11259590772026544	0.2610855938373435	0.4601623642872738	3.51777312567539	0.8631700473083865
ENSG00000120539	ENSMUSG00000026779	MASTL	0.25194113008326224	0.10287471903770666	0.5681847701749453	0.4039309199237617	0.09000422779561505	0.8631700473083865	1.331221504881495	1.4249556156086147	1.157503842063263	0.7213270803517732
ENSG00000160447	ENSMUSG00000026785	PKN3	1.238947691598884	0.9508464683335326	0.7900763049674878	1.1389569165077185	0.49936275079159775	2.309324466697402	1.062417305750738	1.3022733743216224	1.5187729922309625	0.8032864113301729
ENSG00000115170	ENSMUSG00000026836	ACVR1	1.760617960656853	3.2683529893618974	1.7767586156406072	2.367041792019916	1.5004524068184986	2.4240173812934582	1.9294253468331284	2.3543487032572297	2.1988796010547	1.665656916037935
ENSG00000198648	ENSMUSG00000027030	STK39	3.4789975620667475	2.4987374842981724	0.9969551558276251	0.9969551558276251	2.505802162640073	2.146560561640219	1.157503842063263	0.6459617805103897	1.1389569165077185	2.9990294994168294
ENSG00000110422	ENSMUSG00000027177	HIPK3	3.9656112390689224	3.410656359776689	3.51777312567539	3.9656112390689224	2.6255646962407693	3.5440914989487537	2.7330877980722916	2.804995564933983	3.3949815474131	2.114542393059897
ENSG00000101306	ENSMUSG00000027470	MYLK2	0.10287471903770666	0.01863301896756666	0.330960665346253	4.474800638537558	0.05354938346040907	0.2211792831246014	0.027430520617682735	0.08138872936771033	4.630276789416941	0.25194113008326224
ENSG00000087586	ENSMUSG00000027496	AURKA	0.38504454659561904	0.31232892814158564	0.5853131408013749	1.9771323484972707	0.2211792831246014	1.0911520552493088	0.6459617805103897	1.0968288235598178	1.5099501660470838	0.19171662281944002
ENSG00000154310	ENSMUSG00000027692	TNIK	2.129314896991519	1.1786233807517337	1.1786233807517337	2.299984477029839	3.191040671592874	1.4249556156086147	1.2801306479600594	1.1134279234370876	1.999904195427223	2.3452681074132733
ENSG00000133083	ENSMUSG00000027797	DCLK1	0.9611856554661081	0.8631700473083865	0.6756260711508686	0.9781980136707131	4.630276789416941	0.9321830217400553	0.1836420793809071	0.10287471903770666	0.7213270803517732	2.271685218678379
ENSG00000145348	ENSMUSG00000028030	TBCK	1.665656916037935	1.731459813193122	2.0211513953127564	1.6996688140162242	1.6579966403524444	0.9508464683335326	1.6849905624536465	1.3829470039324872	0.8631700473083865	1.0911520552493088
ENSG00000170390	ENSMUSG00000028078	DCLK2	0.5049491652104011	1.0329662715308037	0.5496412425511903	0.5426771017049863	2.208654389493238	2.0211513953127564	1.4249556156086147	0.7213270803517732	0.6459617805103897	3.3531153918742462
ENSG00000135341	ENSMUSG00000028284	MAP3K7	2.981761376905678	2.299984477029839	2.6711530387514446	2.9344262049981666	1.799478650196584	2.333401891976372	2.2650549707036323	2.1603546567311716	2.299984477029839	2.053004123936072
ENSG00000159899	ENSMUSG00000028469	NPR2	2.5276241211178934	2.3221012502557405	3.170144684018743	2.408441283123808	1.8194153772030603	2.6894810275972545	2.3933971904599742	2.367041792019916	2.3933971904599742	2.173458974145386
ENSG00000162409	ENSMUSG00000028518	PRKAA2	3.3700977472867732	1.157503842063263	2.71870660867956	3.563179692061798	1.4365241931792572	2.8699653621605696	0.38504454659561904	0.44829676314641576	3.018124679752071	0.737110749531397
ENSG00000127334	ENSMUSG00000028630	DYRK2	2.240254386045067	1.7449339627936382	2.570098496052806	3.1294282442917494	1.5620715097198539	2.367041792019916	1.0329662715308037	1.2054073038337245	2.0211513953127564	0.5426771017049863
ENSG00000158828	ENSMUSG00000028756	PINK1	4.630276789416941	4.100242233712167	4.630276789416941	4.630276789416941	3.798465509076293	4.347411145788461	5.396459056852909	4.2209202268638215	4.347411145788461	5.396459056852909
ENSG00000058091	ENSMUSG00000028926	CDK14	1.1134279234370876	1.6079093374447015	1.168682373384032	1.0968288235598178	3.2683529893618974	1.8406351319319714	0.737110749531397	1.8645142162948325	1.39840269958225	2.4686149974250755
ENSG00000164885	ENSMUSG00000028969	CDK5	2.011231069767187	2.4490480732237967	1.9294253468331284	1.665656916037935	2.8930198137843117	1.2166494882926346	2.227499397454044	1.7651234622954934	1.2166494882926346	2.9344262049981666
ENSG00000067606	ENSMUSG00000029053	PRKCZ	0.8974926075350618	1.168682373384032	2.5276241211178934	1.125419936885382	3.3700977472867732	1.5099501660470838	1.6362285070747091	1.8861391981603273	0.44829676314641576	3.5440914989487537
ENSG00000152953	ENSMUSG00000029123	STK32B	0.4039309199237617	0.2211792831246014	0.19629895100556521	0.2211792831246014	0.330960665346253	0.12075056222176465	0.13126554860399892	0.09000422779561505	0.2610855938373435	0.32353583590040225
ENSG00000115216	ENSMUSG00000029148	NRBP1	3.2159667196369917	2.804995564933983	3.6132945720202407	2.7330877980722916	2.38044069119609	3.2159667196369917	3.245235974989421	3.2159667196369917	3.4548419561870403	2.846089767299051
ENSG00000097046	ENSMUSG00000029283	CDC7	0.42528218257286454	0.5301322445076133	0.5426771017049863	0.14075274944997784	0.8305644925867106	0.49936275079159775	0.8767034643377599	0.7730159254253995	0.25194113008326224	1.157503842063263
ENSG00000138769	ENSMUSG00000029403	CDKL2	1.0051279278956347	1.238947691598884	1.3022733743216224	1.5400596920561473	1.5400596920561473	0.041268416150179794	0.2211792831246014	0.027430520617682735	0.027430520617682735	0.9188443728003737
ENSG00000089022	ENSMUSG00000029454	MAPKAPK5	3.3090470428882	2.914897173507707	3.4789975620667475	3.429536622727639	2.2845616145783105	1.2750308033941173	1.4688523992128448	1.5487428519509976	1.7256070464741966	1.2054073038337245
ENSG00000110931	ENSMUSG00000029471	CAMKK2	1.323318899999294	1.9600507789012411	1.6174665292675663	1.0051279278956347	3.170144684018743	2.3261294879230245	2.408441283123808	2.914897173507707	1.8194153772030603	3.7213666486298664
ENSG00000183765	ENSMUSG00000029521	CHEK2	0.7034368110827474	0.4391695450426023	1.2750308033941173	0.6305117194801239	0.2610855938373435	0.7213270803517732	1.3533089233079039	1.457832514068166	0.7579495829853357	0.31232892814158564
ENSG00000086232	ENSMUSG00000029613	EIF2AK1	1.9198252752386236	2.129314896991519	2.053004123936072	2.3261294879230245	1.8406351319319714	3.3090470428882	3.669204526527108	3.9656112390689224	3.245235974989421	3.2860904851989168
ENSG00000132964	ENSMUSG00000029635	CDK8	1.9383103750854151	2.367041792019916	3.094066377230915	2.043595678698476	1.760617960656853	1.7833927015817015	1.7833927015817015	1.999904195427223	1.9383103750854151	1.531128539114525
ENSG00000134072	ENSMUSG00000030272	CAMK1	3.1125878244668654	2.5999886748304766	2.367041792019916	2.570098496052806	2.655173464673422	2.408441283123808	4.474800638537558	3.1294282442917494	1.4875819039876146	3.3090470428882
ENSG00000010219	ENSMUSG00000030345	DYRK4	0.03496127823965807	0.06167494298219438	0.21371667922158571	0.06167494298219438	0.027430520617682735	1.168682373384032	1.2054073038337245	1.1786233807517337	1.1134279234370876	0.9969551558276251
ENSG00000007047	ENSMUSG00000030397	MARK4	2.07748951152686	2.173458974145386	1.0268666742809391	2.129314896991519	2.227499397454044	2.208654389493238	2.053004123936072	2.2845616145783105	2.6785579745898307	2.7330877980722916
ENSG00000104936	ENSMUSG00000030409	DMPK	4.474800638537558	3.591680791603212	2.227499397454044	3.798465509076293	1.4249556156086147	4.945446178725407	4.630276789416941	2.3221012502557405	3.911283397752205	3.170144684018743
ENSG00000187550	ENSMUSG00000030433	SBK2	2.3261294879230245	0.5049491652104011	0.16827723099838263	2.818990960252068	0.041268416150179794	1.7526209303703795	0.000562865971310531	0.000562865971310531	0.49936275079159775	0.013141636805158308
ENSG00000130669	ENSMUSG00000030602	PAK4	1.4875819039876146	1.7922838007874933	1.323318899999294	1.238947691598884	0.7900763049674878	1.6756273507652373	2.0887103810844105	2.3261294879230245	1.6849905624536465	1.5487428519509976
ENSG00000156873	ENSMUSG00000030815	PHKG2	1.799478650196584	2.1988796010547	2.6414349515451505	1.5801577622094922	2.2650549707036323	1.6261791768444407	2.173458974145386	2.6255646962407693	1.5620715097198539	1.9704590277650311
ENSG00000166851	ENSMUSG00000030867	PLK1	0.49026751880609404	0.2834602226039127	0.8032864113301729	0.13126554860399892	0.2321150951834623	0.3525767384683054	0.49936275079159775	0.7579495829853357	0.4813346422383738	0.5853131408013749
ENSG00000147044	ENSMUSG00000031012	CASK	1.6996688140162242	1.9198252752386236	1.999904195427223	1.8318209731304933	2.709866743231232	0.9188443728003737	1.5801577622094922	1.323318899999294	1.125419936885382	1.4492708472101739
ENSG00000166483	ENSMUSG00000031016	WEE1	1.3829470039324872	1.125419936885382	1.5400596920561473	1.0268666742809391	1.3533089233079039	2.2845616145783105	0.7579495829853357	1.6756273507652373	1.3118048606254413	0.12075056222176465
ENSG00000130413	ENSMUSG00000031027	STK33	0.041268416150179794	0.1836420793809071	0.15164965059455213	1.7922838007874933	0.13126554860399892	1.2594433576861626	1.168682373384032	0.15164965059455213	0.49026751880609404	0.5301322445076133
ENSG00000102225	ENSMUSG00000031065	CDK16	3.51777312567539	3.798465509076293	2.1603546567311716	3.245235974989421	3.410656359776689	3.6132945720202407	3.191040671592874	2.6414349515451505	3.4789975620667475	3.2159667196369917
ENSG00000134602	ENSMUSG00000031112	STK26	0.6305117194801239	0.7213270803517732	0.5049491652104011	1.168682373384032	0.7034368110827474	0.5223250856389811	0.4039309199237617	1.3533089233079039	0.38504454659561904	0.2321150951834623
ENSG00000102096	ENSMUSG00000031155	PIM2	0.737110749531397	1.2166494882926346	0.8305644925867106	0.7730159254253995	1.9095493103192838	1.0805987119808864	1.5673922725927807	1.9771323484972707	0.9321830217400553	1.9294253468331284
ENSG00000077264	ENSMUSG00000031284	PAK3	0.31232892814158564	2.053004123936072	0.10287471903770666	0.16827723099838263	2.8331904549244955	0.05354938346040907	0.31232892814158564	0.13126554860399892	0.14075274944997784	1.457832514068166
ENSG00000008086	ENSMUSG00000031292	CDKL5	1.0968288235598178	1.1389569165077185	1.2054073038337245	0.6849197892028174	3.0389632448824173	1.0701172023656043	0.4601623642872738	0.5853131408013749	0.6756260711508686	1.0805987119808864
ENSG00000180815	ENSMUSG00000031303	MAP3K15	0.44829676314641576	0.21371667922158571	0.6305117194801239	0.5301322445076133	0.19629895100556521	1.9869512299139367	3.170144684018743	1.3118048606254413	1.0911520552493088	0.9781980136707131
ENSG00000177189	ENSMUSG00000031309	RPS6KA3	2.6414349515451505	2.846089767299051	1.6579966403524444	2.846089767299051	2.07748951152686	2.2596486331502836	2.3261294879230245	2.6894810275972545	3.1125878244668654	1.6174665292675663
ENSG00000184216	ENSMUSG00000031392	IRAK1	2.9344262049981666	3.3949815474131	2.433013527829498	2.4686149974250755	2.0211513953127564	2.9344262049981666	3.8404666007738015	3.498684014329725	3.591680791603212	2.952111172172484
ENSG00000136098	ENSMUSG00000031478	NEK3	0.6756260711508686	0.9058401990614758	0.9058401990614758	1.0381146476239693	0.4391695450426023	1.5673922725927807	0.9611856554661081	1.6996688140162242	1.366929636205836	1.3426600779347317
ENSG00000137601	ENSMUSG00000031644	NEK1	1.457832514068166	1.412080942312458	1.7449339627936382	1.2750308033941173	1.3829470039324872	1.3118048606254413	1.1786233807517337	1.0701172023656043	1.2750308033941173	1.412080942312458
ENSG00000140795	ENSMUSG00000031698	MYLK3	4.347411145788461	0.15164965059455213	0.7213270803517732	0.9508464683335326	0.3525767384683054	3.8404666007738015	0.06167494298219438	0.10463789128643523	1.88006971015665	0.041268416150179794
ENSG00000099308	ENSMUSG00000031833	MAST3	1.2054073038337245	1.5974014962700926	2.408441283123808	0.8974926075350618	3.7213666486298664	1.2054073038337245	1.6756273507652373	2.6711530387514446	1.0381146476239693	3.2683529893618974
ENSG00000149554	ENSMUSG00000032113	CHEK1	0.6153149259881522	0.38504454659561904	0.6849197892028174	0.2744796195002678	0.25194113008326224	0.2834602226039127	0.42528218257286454	0.5426771017049863	0.2744796195002678	0.1836420793809071
ENSG00000140474	ENSMUSG00000032308	ULK3	1.39840269958225	1.4365241931792572	1.4249556156086147	1.3118048606254413	1.5187729922309625	3.191040671592874	3.5440914989487537	3.410656359776689	3.0389632448824173	3.4789975620667475
ENSG00000179335	ENSMUSG00000032316	CLK3	2.0722482241593925	2.7739413644956183	3.7213666486298664	2.8331904549244955	2.309324466697402	1.6579966403524444	1.6468434809249466	1.9294253468331284	1.857370952354443	1.2166494882926346
ENSG00000035664	ENSMUSG00000032380	DAPK2	0.9321830217400553	0.8463454189988775	1.8941368027087317	2.505802162640073	0.32353583590040225	2.2650549707036323	0.36677080920948796	0.5049491652104011	2.804995564933983	0.2988993997043351
ENSG00000169118	ENSMUSG00000032384	CSNK1G1	1.3022733743216224	1.5400596920561473	1.5487428519509976	1.5487428519509976	1.8941368027087317	0.737110749531397	1.0051279278956347	1.0805987119808864	1.0805987119808864	0.7034368110827474
ENSG00000163673	ENSMUSG00000032500	DCLK3	0.11259590772026544	0.2744796195002678	1.9869512299139367	0.4813346422383738	1.9771323484972707	0.09000422779561505	0.010331153665262017	0.013141636805158308	0.3525767384683054	0.11259590772026544
ENSG00000173334	ENSMUSG00000032501	TRIB1	1.7526209303703795	1.8194153772030603	2.07748951152686	1.6362285070747091	0.7579495829853357	2.4397544647636664	2.146560561640219	4.036691051616244	2.583935637651966	1.6362285070747091
ENSG00000196455	ENSMUSG00000032571	PIK3R4	1.9704590277650311	1.9479837974974263	2.271685218678379	1.690617103766559	1.8645142162948325	1.857370952354443	2.2467161608901334	2.3933971904599742	2.011231069767187	1.6468434809249466
ENSG00000114738	ENSMUSG00000032577	MAPKAPK3	2.309324466697402	2.333401891976372	1.0456990565971511	2.4490480732237967	0.31232892814158564	4.630276789416941	3.3090470428882	2.709866743231232	4.036691051616244	1.6579966403524444
ENSG00000101255	ENSMUSG00000032715	TRIB3	0.9188443728003737	0.8305644925867106	2.3747277731865726	0.6459617805103897	0.2834602226039127	0.5853131408013749	1.8194153772030603	3.773440330320301	0.5049491652104011	0.6153149259881522
ENSG00000164076	ENSMUSG00000032936	CAMKV	0.01863301896756666	0.737110749531397	0.14075274944997784	0.42528218257286454	3.8404666007738015	0.010331153665262017	0.01863301896756666	0.003533495996106372	0.01863301896756666	3.6132945720202407
ENSG00000163482	ENSMUSG00000033276	STK36	0.4391695450426023	0.8767034643377599	0.6153149259881522	0.4391695450426023	0.4813346422383738	1.5004524068184986	2.7594208342902213	2.1001819733474547	1.5801577622094922	1.7833927015817015
ENSG00000065559	ENSMUSG00000033352	MAP2K4	2.570098496052806	2.2596486331502836	3.0545413845915244	2.9990294994168294	3.1522156644680606	2.1001819733474547	2.271685218678379	2.23398217531025	2.4825744655751807	2.818990960252068
ENSG00000185324	ENSMUSG00000033862	CDK10	1.9479837974974263	2.5276241211178934	2.4987374842981724	1.8500364172312458	2.4240173812934582	2.433013527829498	2.9344262049981666	3.8404666007738015	2.06029628748555	2.709866743231232
ENSG00000205111	ENSMUSG00000033966	CDKL4	0.08138872936771033	0.03496127823965807	0.2834602226039127	0.2321150951834623	1.157503842063263	0.01863301896756666	0.16827723099838263	0.05354938346040907	0.05354938346040907	0.03496127823965807
ENSG00000070759	ENSMUSG00000033985	TESK2	0.6849197892028174	0.5223250856389811	2.1001819733474547	0.9058401990614758	0.5496412425511903	0.7730159254253995	0.9321830217400553	1.857370952354443	1.665656916037935	1.3118048606254413
ENSG00000160584	ENSMUSG00000034135	SIK3	3.094066377230915	2.7330877980722916	2.2650549707036323	2.5316179633201217	2.952111172172484	2.1988796010547	1.88006971015665	2.3452681074132733	2.4397544647636664	2.7739413644956183
ENSG00000119638	ENSMUSG00000034290	NEK9	3.591680791603212	3.191040671592874	2.4240173812934582	3.498684014329725	1.6996688140162242	3.0389632448824173	3.018124679752071	2.8699653621605696	2.952111172172484	2.2596486331502836
ENSG00000138756	ENSMUSG00000034663	BMP2K	1.1919927973790214	1.9771323484972707	1.6756273507652373	1.8941368027087317	1.0381146476239693	1.6849905624536465	1.4875819039876146	1.6849905624536465	1.3533089233079039	1.2594433576861626
ENSG00000069020	ENSMUSG00000034751	MAST4	2.0887103810844105	2.8930198137843117	1.531128539114525	2.952111172172484	2.129314896991519	2.3543487032572297	1.8106662783923064	1.5400596920561473	1.8941368027087317	0.9058401990614758
ENSG00000012983	ENSMUSG00000034761	MAP4K5	1.999904195427223	1.9869512299139367	2.3452681074132733	2.1988796010547	1.8500364172312458	1.7651234622954934	1.8500364172312458	1.6174665292675663	1.9869512299139367	2.146560561640219
ENSG00000167657	ENSMUSG00000034974	DAPK3	2.3221012502557405	2.7486431277165013	2.2596486331502836	2.3543487032572297	2.23398217531025	3.87489326317948	2.6894810275972545	2.7594208342902213	3.429536622727639	2.7486431277165013
ENSG00000126934	ENSMUSG00000035027	MAP2K2	3.7213666486298664	3.87489326317948	3.563179692061798	3.773440330320301	2.804995564933983	3.591680791603212	3.498684014329725	3.591680791603212	3.6132945720202407	3.563179692061798
ENSG00000114670	ENSMUSG00000035032	NEK11	0.027430520617682735	0.12075056222176465	0.31232892814158564	0.05354938346040907	0.10287471903770666	0.4391695450426023	1.0456990565971511	0.33918199329915694	0.4750566852731618	0.9909815116617494
ENSG00000126562	ENSMUSG00000035112	WNK4	1.4365241931792572	0.7034368110827474	0.6024843800587255	0.12075056222176465	0.9321830217400553	0.10287471903770666	0.08138872936771033	0.32353583590040225	0.12075056222176465	0.10463789128643523
ENSG00000160469	ENSMUSG00000035390	BRSK1	0.5301322445076133	0.8974926075350618	0.2988993997043351	0.36677080920948796	3.911283397752205	1.531128539114525	2.0722482241593925	0.36677080920948796	0.2834602226039127	4.945446178725407
ENSG00000183943	ENSMUSG00000035725	PRKX	1.8645142162948325	1.799478650196584	1.0911520552493088	1.5620715097198539	0.9188443728003737	0.9909815116617494	0.4750566852731618	0.9969551558276251	0.8305644925867106	0.9611856554661081
ENSG00000198355	ENSMUSG00000035828	PIM3	3.498684014329725	3.1294282442917494	3.911283397752205	2.1001819733474547	1.6849905624536465	3.911283397752205	3.7213666486298664	4.945446178725407	3.87489326317948	3.0545413845915244
ENSG00000188906	ENSMUSG00000036273	LRRK2	1.5187729922309625	1.1919927973790214	1.5673922725927807	1.4249556156086147	2.271685218678379	0.8974926075350618	0.9188443728003737	1.0456990565971511	1.238947691598884	0.8305644925867106
ENSG00000172939	ENSMUSG00000036737	OXSR1	2.804995564933983	2.06029628748555	2.3543487032572297	3.0389632448824173	1.6362285070747091	2.570098496052806	2.6711530387514446	2.5316179633201217	2.914897173507707	1.8406351319319714
ENSG00000104814	ENSMUSG00000037337	MAP4K1	0.3525767384683054	0.4813346422383738	0.42528218257286454	0.38504454659561904	0.1836420793809071	0.4039309199237617	0.5301322445076133	1.125419936885382	0.9058401990614758	0.38504454659561904
ENSG00000167524	ENSMUSG00000037593	RSKR	0.32353583590040225	0.19171662281944002	0.4391695450426023	0.25194113008326224	0.9611856554661081	1.238947691598884	0.8185361363019472	1.4365241931792572	1.7449339627936382	1.8500364172312458
ENSG00000163558	ENSMUSG00000037643	PRKCI	1.6362285070747091	2.3452681074132733	2.114542393059897	0.9321830217400553	2.1001819733474547	1.7158826211019549	1.5400596920561473	1.5620715097198539	1.8500364172312458	1.7526209303703795
ENSG00000197168	ENSMUSG00000037738	NEK5	0.010331153665262017	1.0381146476239693	0.5223250856389811	0.6024843800587255	0.01863301896756666	0.15164965059455213	0.11259590772026544	0.21371667922158571	0.10287471903770666	0.15164965059455213
ENSG00000125834	ENSMUSG00000037885	STK35	1.5974014962700926	1.9294253468331284	1.7833927015817015	1.5673922725927807	1.731459813193122	2.240254386045067	2.3747277731865726	2.184075788850751	1.7922838007874933	1.9600507789012411
ENSG00000163788	ENSMUSG00000038145	SNRK	3.773440330320301	4.945446178725407	3.87489326317948	2.5276241211178934	2.6785579745898307	2.3221012502557405	1.731459813193122	2.2650549707036323	2.2596486331502836	2.0211513953127564
ENSG00000155111	ENSMUSG00000038481	CDK19	1.366929636205836	0.9969551558276251	1.39840269958225	2.4825744655751807	2.0335118085532438	1.125419936885382	0.9909815116617494	1.412080942312458	1.323318899999294	2.536288835156216
ENSG00000183049	ENSMUSG00000039145	CAMK1D	1.0329662715308037	1.2054073038337245	3.591680791603212	0.737110749531397	2.846089767299051	1.5400596920561473	0.7900763049674878	1.8318209731304933	0.6305117194801239	3.0720071250644616
ENSG00000101349	ENSMUSG00000039913	PAK5	0.36677080920948796	0.027430520617682735	0.12075056222176465	0.15164965059455213	1.9600507789012411	0.000562865971310531	0.7213270803517732	0.06167494298219438	0.000562865971310531	1.323318899999294
ENSG00000169302	ENSMUSG00000039954	STK32A	0.2988993997043351	1.0268666742809391	0.10463789128643523	0.5223250856389811	0.6459617805103897	0.2321150951834623	1.8406351319319714	0.14075274944997784	0.15164965059455213	0.8767034643377599
ENSG00000131023	ENSMUSG00000040021	LATS1	1.3426600779347317	2.271685218678379	1.9095493103192838	1.7651234622954934	1.5801577622094922	1.4492708472101739	1.7767586156406072	1.690617103766559	1.799478650196584	1.168682373384032
ENSG00000105810	ENSMUSG00000040274	CDK6	1.3118048606254413	1.2594433576861626	1.9198252752386236	0.5496412425511903	0.42528218257286454	1.1786233807517337	1.7651234622954934	1.4688523992128448	0.5681847701749453	0.6849197892028174
ENSG00000160396	ENSMUSG00000040424	HIPK4	0.06167494298219438	0.11259590772026544	0.11259590772026544	0.01863301896756666	0.03496127823965807	0.2744796195002678	0.12075056222176465	0.16827723099838263	0.6849197892028174	1.3829470039324872
ENSG00000168038	ENSMUSG00000040936	ULK4	0.2321150951834623	0.4750566852731618	0.08138872936771033	0.4750566852731618	0.9058401990614758	0.7579495829853357	0.5496412425511903	0.6305117194801239	0.2211792831246014	0.14075274944997784
ENSG00000105287	ENSMUSG00000041187	PRKD2	2.114542393059897	1.8645142162948325	1.125419936885382	1.2054073038337245	0.4750566852731618	2.129314896991519	2.184075788850751	2.433013527829498	1.7767586156406072	1.062417305750738
ENSG00000196632	ENSMUSG00000041245	WNK3	0.13126554860399892	0.3525767384683054	0.06167494298219438	1.2166494882926346	1.9294253468331284	0.25194113008326224	0.8463454189988775	1.157503842063263	0.09000422779561505	0.36677080920948796
ENSG00000065883	ENSMUSG00000041297	CDK13	2.184075788850751	2.570098496052806	2.6894810275972545	2.0722482241593925	2.114542393059897	2.043595678698476	2.208654389493238	2.4397544647636664	2.173458974145386	1.8106662783923064
ENSG00000198586	ENSMUSG00000041997	TLK1	2.2650549707036323	2.208654389493238	2.7330877980722916	2.5999886748304766	2.4686149974250755	1.5487428519509976	2.114542393059897	2.129314896991519	1.6996688140162242	1.9771323484972707
ENSG00000133059	ENSMUSG00000042046	DSTYK	1.8194153772030603	1.8106662783923064	1.8406351319319714	1.6468434809249466	1.9869512299139367	1.3426600779347317	2.1001819733474547	1.168682373384032	2.129314896991519	2.1988796010547
ENSG00000100077	ENSMUSG00000042249	GRK3	1.0701172023656043	2.011231069767187	1.366929636205836	1.4492708472101739	2.408441283123808	0.9058401990614758	1.1134279234370876	0.8631700473083865	0.5223250856389811	1.6261791768444407
ENSG00000263528	ENSMUSG00000042349	IKBKE	0.6024843800587255	1.6174665292675663	2.333401891976372	0.4601623642872738	0.16827723099838263	0.4813346422383738	1.1919927973790214	0.8185361363019472	0.21371667922158571	0.49936275079159775
ENSG00000163491	ENSMUSG00000042567	NEK10	0.19171662281944002	0.013141636805158308	0.03496127823965807	0.09000422779561505	0.4039309199237617	0.4601623642872738	0.05354938346040907	0.19629895100556521	0.8032864113301729	0.08138872936771033
ENSG00000196182	ENSMUSG00000042608	STK40	2.859274195886941	2.9990294994168294	1.6362285070747091	3.3090470428882	1.531128539114525	3.330013765219506	2.333401891976372	3.245235974989421	3.669204526527108	2.1603546567311716
ENSG00000069956	ENSMUSG00000042688	MAPK6	2.23398217531025	2.309324466697402	2.709866743231232	2.4987374842981724	2.1988796010547	1.6996688140162242	1.7093658938674516	2.7739413644956183	2.6414349515451505	2.3221012502557405
ENSG00000006432	ENSMUSG00000042724	MAP3K9	0.09000422779561505	0.5496412425511903	0.2610855938373435	0.2988993997043351	2.0722482241593925	0.330960665346253	0.4391695450426023	1.0051279278956347	0.8767034643377599	1.4249556156086147
ENSG00000188322	ENSMUSG00000042978	SBK1	3.1522156644680606	2.4240173812934582	2.208654389493238	2.06029628748555	2.0887103810844105	0.4750566852731618	1.0381146476239693	0.2610855938373435	2.208654389493238	2.1211512142639046
ENSG00000171132	ENSMUSG00000045038	PRKCE	2.271685218678379	1.8500364172312458	1.6261791768444407	1.9198252752386236	3.6132945720202407	1.0329662715308037	0.6305117194801239	1.331221504881495	1.457832514068166	1.8941368027087317
ENSG00000206203	ENSMUSG00000045521	TSSK2	0.12075056222176465	0.010331153665262017	0.09000422779561505	0.027430520617682735	0.000562865971310531	0.5496412425511903	0.19629895100556521	0.49026751880609404	0.9781980136707131	0.5223250856389811
ENSG00000060237	ENSMUSG00000045962	WNK1	4.2209202268638215	3.911283397752205	3.8404666007738015	4.347411145788461	3.429536622727639	3.563179692061798	2.709866743231232	2.5999886748304766	3.2860904851989168	3.4548419561870403
ENSG00000070770	ENSMUSG00000046707	CSNK2A2	2.333401891976372	2.859274195886941	2.184075788850751	2.2650549707036323	2.3747277731865726	2.38044069119609	2.4987374842981724	2.536288835156216	2.4686149974250755	2.184075788850751
ENSG00000178093	ENSMUSG00000047654	TSSK6	0.2610855938373435	0.16827723099838263	0.013141636805158308	0.010331153665262017	0.013141636805158308	0.2988993997043351	0.6024843800587255	1.0911520552493088	0.2988993997043351	0.2610855938373435
ENSG00000159792	ENSMUSG00000048310	PSKH1	1.8406351319319714	1.9095493103192838	2.536288835156216	1.9383103750854151	0.7730159254253995	2.6255646962407693	2.8699653621605696	2.583935637651966	2.146560561640219	1.9095493103192838
ENSG00000132356	ENSMUSG00000050697	PRKAA1	1.6261791768444407	2.0887103810844105	1.7526209303703795	1.799478650196584	1.331221504881495	2.4987374842981724	2.570098496052806	3.3531153918742462	2.3747277731865726	1.8318209731304933
ENSG00000175087	ENSMUSG00000050890	PDIK1L	1.0381146476239693	1.5487428519509976	1.760617960656853	1.0701172023656043	1.168682373384032	0.6756260711508686	0.8305644925867106	1.6468434809249466	1.3022733743216224	1.0381146476239693
ENSG00000176601	ENSMUSG00000051590	MAP3K19	0.10463789128643523	0.05354938346040907	0.01863301896756666	0.10287471903770666	0.6305117194801239	0.003533495996106372	0.013141636805158308	0.03496127823965807	0.013141636805158308	0.027430520617682735
ENSG00000155657	ENSMUSG00000051747	TTN	5.396459056852909	0.9188443728003737	1.4875819039876146	5.396459056852909	0.5426771017049863	4.474800638537558	0.2988993997043351	0.330960665346253	4.945446178725407	0.06167494298219438
ENSG00000121989	ENSMUSG00000052155	ACVR2A	1.8500364172312458	1.531128539114525	2.0887103810844105	2.433013527829498	1.7158826211019549	1.0268666742809391	0.8631700473083865	1.5004524068184986	1.5004524068184986	1.0701172023656043
ENSG00000125388	ENSMUSG00000052783	GRK4	0.5223250856389811	0.6459617805103897	0.737110749531397	0.8767034643377599	0.5853131408013749	1.1134279234370876	0.8032864113301729	0.8032864113301729	1.062417305750738	1.1134279234370876
ENSG00000123572	ENSMUSG00000052854	NRK	0.2834602226039127	0.08138872936771033	0.027430520617682735	0.11259590772026544	0.010331153665262017	0.31232892814158564	2.3543487032572297	0.11259590772026544	0.06167494298219438	0.010331153665262017
ENSG00000166501	ENSMUSG00000052889	PRKCB	0.8767034643377599	1.7256070464741966	1.2801306479600594	0.5681847701749453	4.945446178725407	0.2610855938373435	0.2744796195002678	0.6153149259881522	0.16827723099838263	3.018124679752071
ENSG00000185532	ENSMUSG00000052920	PRKG1	1.5673922725927807	1.0051279278956347	1.2594433576861626	2.514394632110368	1.1134279234370876	2.0887103810844105	1.9383103750854151	0.5681847701749453	2.5535447566871055	0.44829676314641576
ENSG00000174672	ENSMUSG00000053046	BRSK2	0.1836420793809071	0.4039309199237617	0.25194113008326224	0.2610855938373435	3.245235974989421	0.32353583590040225	0.330960665346253	0.1836420793809071	0.19629895100556521	3.1294282442917494
ENSG00000185386	ENSMUSG00000053137	MAPK11	0.8032864113301729	0.6756260711508686	0.8463454189988775	0.8463454189988775	1.7651234622954934	2.505802162640073	1.857370952354443	1.5673922725927807	1.8406351319319714	3.773440330320301
ENSG00000142149	ENSMUSG00000053414	HUNK	0.330960665346253	0.5681847701749453	0.8185361363019472	0.31232892814158564	1.238947691598884	0.10463789128643523	0.10463789128643523	0.38504454659561904	0.08138872936771033	0.2744796195002678
ENSG00000112062	ENSMUSG00000053436	MAPK14	2.9990294994168294	2.71870660867956	3.410656359776689	3.2159667196369917	2.3221012502557405	2.514394632110368	2.783373456887054	3.1125878244668654	2.5276241211178934	1.9198252752386236
ENSG00000105613	ENSMUSG00000053693	MAST1	0.16827723099838263	0.5853131408013749	0.33918199329915694	0.003533495996106372	2.2467161608901334	0.027430520617682735	0.25194113008326224	0.4039309199237617	0.041268416150179794	2.783373456887054
ENSG00000080823	ENSMUSG00000056458	MOK	0.5681847701749453	0.32353583590040225	0.4039309199237617	0.19171662281944002	0.9508464683335326	1.0051279278956347	0.8974926075350618	0.7900763049674878	0.33918199329915694	1.0456990565971511
ENSG00000105723	ENSMUSG00000057177	GSK3A	3.018124679752071	3.245235974989421	1.8500364172312458	3.1125878244668654	3.330013765219506	3.1294282442917494	3.2683529893618974	2.8930198137843117	3.2683529893618974	3.87489326317948
ENSG00000115977	ENSMUSG00000057230	AAK1	3.330013765219506	3.330013765219506	1.1389569165077185	2.7486431277165013	3.9656112390689224	1.7093658938674516	1.5487428519509976	1.0381146476239693	1.6079093374447015	1.7158826211019549
ENSG00000123143	ENSMUSG00000057672	PKN1	2.818990960252068	3.5440914989487537	2.4490480732237967	2.2467161608901334	1.999904195427223	3.9656112390689224	3.4789975620667475	2.859274195886941	3.410656359776689	3.3949815474131
ENSG00000058404	ENSMUSG00000057897	CAMK2B	1.2594433576861626	1.6579966403524444	1.799478650196584	3.51777312567539	4.474800638537558	3.498684014329725	0.15164965059455213	1.39840269958225	3.330013765219506	4.474800638537558
ENSG00000137764	ENSMUSG00000058444	MAP2K5	1.8941368027087317	1.7767586156406072	2.1988796010547	1.9095493103192838	1.6174665292675663	1.8861391981603273	2.07748951152686	1.760617960656853	2.227499397454044	1.7767586156406072
ENSG00000149930	ENSMUSG00000059981	TAOK2	2.4686149974250755	2.8331904549244955	2.7594208342902213	2.1211512142639046	3.018124679752071	2.7594208342902213	3.1522156644680606	2.4825744655751807	2.3543487032572297	2.859274195886941
ENSG00000134070	ENSMUSG00000060477	IRAK2	1.9600507789012411	2.5535447566871055	2.505802162640073	1.531128539114525	1.366929636205836	0.6024843800587255	1.2750308033941173	2.38044069119609	2.4987374842981724	0.7579495829853357
ENSG00000135090	ENSMUSG00000061288	TAOK3	1.1389569165077185	2.114542393059897	2.818990960252068	1.3829470039324872	1.9479837974974263	1.5801577622094922	1.665656916037935	1.531128539114525	1.7158826211019549	2.309324466697402
ENSG00000114739	ENSMUSG00000061393	ACVR2B	1.0268666742809391	0.8185361363019472	1.3829470039324872	1.999904195427223	1.1786233807517337	0.5301322445076133	0.9508464683335326	1.0329662715308037	0.9969551558276251	0.4813346422383738
ENSG00000064393	ENSMUSG00000061436	HIPK2	3.3531153918742462	3.3090470428882	1.7922838007874933	3.3949815474131	2.299984477029839	2.859274195886941	2.299984477029839	2.6097240460704265	2.655173464673422	3.9656112390689224
ENSG00000154358	ENSMUSG00000061462	OBSCN	4.945446178725407	0.49026751880609404	0.8767034643377599	4.945446178725407	0.6153149259881522	3.51777312567539	0.6153149259881522	0.4750566852731618	4.474800638537558	0.6305117194801239
ENSG00000160145	ENSMUSG00000061751	KALRN	2.053004123936072	1.3118048606254413	3.3700977472867732	2.173458974145386	4.347411145788461	1.3022733743216224	0.9969551558276251	1.2750308033941173	1.6756273507652373	1.0051279278956347
ENSG00000102882	ENSMUSG00000063065	MAPK3	2.4987374842981724	3.51777312567539	1.9704590277650311	2.011231069767187	3.3090470428882	3.2860904851989168	3.3949815474131	2.333401891976372	2.709866743231232	4.347411145788461
ENSG00000100030	ENSMUSG00000063358	MAPK1	3.4548419561870403	3.8404666007738015	4.100242233712167	3.191040671592874	4.2209202268638215	2.655173464673422	2.952111172172484	2.5276241211178934	2.6711530387514446	3.410656359776689
ENSG00000102572	ENSMUSG00000063410	STK24	3.1294282442917494	3.094066377230915	1.9479837974974263	2.4397544647636664	2.240254386045067	2.5535447566871055	2.6097240460704265	3.0389632448824173	2.2650549707036323	2.367041792019916
ENSG00000028116	ENSMUSG00000064090	VRK2	1.157503842063263	0.9321830217400553	1.5974014962700926	1.4688523992128448	0.44829676314641576	2.173458974145386	2.6414349515451505	2.4240173812934582	2.1603546567311716	1.690617103766559
ENSG00000135828	ENSMUSG00000066800	RNASEL	0.8185361363019472	1.1134279234370876	1.5099501660470838	0.8032864113301729	0.9781980136707131	0.7900763049674878	1.4365241931792572	0.8767034643377599	0.7900763049674878	0.49026751880609404
ENSG00000204217	ENSMUSG00000067336	BMPR2	2.5316179633201217	2.3747277731865726	2.38044069119609	2.8930198137843117	2.536288835156216	2.5276241211178934	2.7739413644956183	1.799478650196584	2.0887103810844105	2.23398217531025
ENSG00000176444	ENSMUSG00000068917	CLK2	1.7767586156406072	2.3933971904599742	1.7158826211019549	1.8645142162948325	1.857370952354443	2.7486431277165013	3.591680791603212	3.51777312567539	2.367041792019916	2.4397544647636664
ENSG00000134058	ENSMUSG00000069089	CDK7	2.06029628748555	2.146560561640219	2.309324466697402	1.7767586156406072	1.8106662783923064	1.799478650196584	2.4240173812934582	1.9600507789012411	2.433013527829498	1.88006971015665
ENSG00000136021	ENSMUSG00000069539	SCYL2	1.8861391981603273	2.3543487032572297	2.5316179633201217	1.8406351319319714	1.5487428519509976	2.07748951152686	2.2596486331502836	2.5535447566871055	2.240254386045067	1.5620715097198539
ENSG00000266173	ENSMUSG00000069631	STRADA	1.168682373384032	1.4875819039876146	1.0381146476239693	1.9294253468331284	1.4492708472101739	1.6468434809249466	2.011231069767187	1.8194153772030603	1.4365241931792572	1.8861391981603273
ENSG00000105146	ENSMUSG00000070837	AURKC	0.05354938346040907	0.09000422779561505	0.2321150951834623	0.08138872936771033	0.003533495996106372	0.6305117194801239	0.5049491652104011	1.062417305750738	1.0051279278956347	0.4391695450426023
ENSG00000197442	ENSMUSG00000071369	MAP3K5	2.433013527829498	1.760617960656853	2.952111172172484	1.5004524068184986	1.9383103750854151	1.8645142162948325	4.945446178725407	2.0722482241593925	1.6579966403524444	2.804995564933983
ENSG00000151292	ENSMUSG00000073563	CSNK1G3	1.6579966403524444	1.8406351319319714	2.4686149974250755	1.8194153772030603	2.146560561640219	1.665656916037935	1.760617960656853	2.146560561640219	1.5974014962700926	1.6756273507652373
ENSG00000173517	ENSMUSG00000074305	PEAK1	2.4490480732237967	2.0722482241593925	2.011231069767187	1.8861391981603273	1.7767586156406072	1.9383103750854151	0.9058401990614758	0.9321830217400553	1.3829470039324872	1.0968288235598178
ENSG00000198055	ENSMUSG00000074886	GRK6	1.7449339627936382	1.9704590277650311	1.8318209731304933	1.6579966403524444	2.1211512142639046	1.8941368027087317	1.9869512299139367	4.347411145788461	2.114542393059897	2.0887103810844105
ENSG00000137843	ENSMUSG00000074923	PAK6	1.3533089233079039	1.39840269958225	0.2211792831246014	0.3525767384683054	2.333401891976372	1.0456990565971511	1.323318899999294	0.12075056222176465	0.36677080920948796	2.570098496052806
ENSG00000185189	ENSMUSG00000075590	NRBP2	1.8318209731304933	2.783373456887054	2.06029628748555	1.4365241931792572	2.9344262049981666	3.2683529893618974	3.0545413845915244	5.396459056852909	2.408441283123808	4.100242233712167
ENSG00000126583	ENSMUSG00000078816	PRKCG	0.5496412425511903	0.2610855938373435	0.19171662281944002	0.33918199329915694	3.4789975620667475	0.013141636805158308	0.003533495996106372	0.010331153665262017	0.010331153665262017	3.3700977472867732
ENSG00000231274	ENSMUSG00000085272	SBK3	2.505802162640073	0.10463789128643523	0.003533495996106372	0.7213270803517732	0.15164965059455213	1.88006971015665	0.041268416150179794	0.01863301896756666	1.0456990565971511	0.000562865971310531
ENSG00000136643	ENSMUSG00000089872	RPS6KC1	2.0211513953127564	1.7651234622954934	1.8645142162948325	2.053004123936072	2.859274195886941	1.457832514068166	2.043595678698476	1.7256070464741966	1.9600507789012411	2.0335118085532438
ENSG00000128881	ENSMUSG00000090100	TTBK2	1.690617103766559	1.4492708472101739	1.2166494882926346	1.7449339627936382	2.583935637651966	1.690617103766559	1.238947691598884	1.238947691598884	1.9704590277650311	1.7449339627936382
ENSG00000177453	ENSMUSG00000095930	NIM1K	0.5853131408013749	0.330960665346253	0.9508464683335326	0.7900763049674878	1.0268666742809391	0.1836420793809071	0.33918199329915694	0.31232892814158564	0.2321150951834623	1.5400596920561473
